key,dim,model_type,neurons,dropout_rate,batch_size,MAPE,MAE,RMSE,MSE,R2,Ljung_Box_pvalue
Price_tau7_train_rows7_train_cols7,1,RNN,10,0.2,16,0.0625,1.3877787807814457e-17,1.3877787807814457e-17,1.925929944387236e-34,0.0,
Price_tau7_train_rows7_train_cols7,1,LSTM,10,0.2,16,0.0625,1.3877787807814457e-17,1.3877787807814457e-17,1.925929944387236e-34,0.0,
